title,link
The Simulation by Fable makes everyone Robert Ford,https://venturebeat.com/games/the-simulation-by-fable-makes-everyone-robert-ford/
ChatGPT launched six months ago. Its impact — and fallout — is just beginning | The AI Beat,https://venturebeat.com/ai/chatgpt-launched-six-months-ago-its-impact-and-fallout-is-just-beginning-the-ai-beat/
AmEx is experimenting cautiously with generative AI for fintech,https://venturebeat.com/ai/amex-is-experimenting-cautiously-with-generative-ai-for-fintech/
Nvidia’s Grace Hopper Superchips for generative AI enter full production,https://venturebeat.com/ai/nvidias-grace-hopper-superchips-for-generative-ai-enter-full-production/
Nvidia CEO reveals groundbreaking generative AI innovations for industries at COMPUTEX Taipei,https://venturebeat.com/ai/nvidia-ceo-reveals-groundbreaking-generative-ai-innovations-for-industries-at-computex-taipei/
Arm unveils 5th generation GPUs with Immortalis-G720,https://venturebeat.com/ai/arm-unveils-5th-generation-gpus-with-immortalis-g720/
How generative AI can revolutionize customization and user empowerment,https://venturebeat.com/ai/how-generative-ai-can-revolutionize-customization-and-user-empowerment/
How the rise of generative AI could kill the metaverse — or save it,https://venturebeat.com/ai/how-the-rise-of-generative-ai-could-kill-the-metaverse-or-save-it/
"The AI genie is out of the bottle, and we can’t put it back in",https://venturebeat.com/ai/the-ai-genie-is-out-of-the-bottle-and-we-cant-put-it-back-in/
How the generative AI boom could deliver a wave of successful businesses,https://venturebeat.com/ai/how-the-generative-ai-boom-could-deliver-a-wave-of-successful-businesses/
Nvidia CEO Jensen Huang’s view of generative AI’s hyper growth | interview,https://venturebeat.com/ai/jensen-huangs-confidence-in-generative-ai-fuels-rally/
John Riccitiello is excited about AI,https://venturebeat.com/games/john-riccitiello-is-excited-about-ai/
IBM Consulting introduces Center of Excellence for generative AI to empower business transformation,https://venturebeat.com/ai/ibm-consulting-introduces-center-excellence-generative-ai-empower-business-transformation/
"VB Transform: Navigating the generative AI wave, insights from top executives at major corporations",https://venturebeat.com/ai/vb-transform-navigating-the-generative-ai-wave-insights-from-top-executives-at-major-corporations/
4 trends shaping the future of practical generative AI,https://venturebeat.com/ai/4-trends-shaping-the-future-of-practical-generative-ai/
JPMorgan’s plans for a ChatGPT-like investment service are just part of its larger AI ambitions,https://venturebeat.com/ai/jpmorgan-plans-for-a-chatgpt-like-investment-service-are-just-part-of-its-larger-ai-ambitions/
"Generative AI poised to reshape workplace efficiency, revolutionize jobs: KPMG study",https://venturebeat.com/ai/generative-ai-poised-to-reshape-workplace-efficiency-revolutionize-jobs-kpmg-study/
Game over for negligence: What game companies need to know about fast-approaching new trust and safety regulations,https://venturebeat.com/games/game-over-for-negligence-what-game-companies-need-to-know-about-fast-approaching-new-trust-and-safety-regulations/
"Activision, Playtika and Jam City explore innovative growth strategies for today’s mobile games",https://venturebeat.com/games/activision-playtika-and-jam-city-explore-innovative-growth-strategies-for-todays-mobile-games/
How AI is curing advertisers’ privacy problem,https://venturebeat.com/ai/how-ai-is-curing-advertisers-privacy-problem/
"Databricks invests in Catalyst, targeting the elusive customer intelligence category",https://venturebeat.com/data-infrastructure/databricks-invests-in-catalyst-targeting-customer-intelligence/
Will AI cause or solve more problems?,https://venturebeat.com/games/will-ai-cause-or-solve-more-problems/
"Intuit launches lab for employees to experiment with generative AI, will share lessons at VB Transform",https://venturebeat.com/ai/intuit-launches-lab-employees-experiment-generative-ai-will-share-lessons-vb-transform/
Nvidia is poised to join $1 trillion club thanks to AI-driven surge,https://venturebeat.com/ai/nvidias-is-poised-to-join-1-trillion-club-thanks-to-ai-driven-surge/
Ryff unveils Spheera AI virtual product placement platform,https://venturebeat.com/games/ryff-unveils-spheera-ai-virtual-product-placement-platform/
"Snowflake acquires Neeva, days after the search startup pivots to enterprise",https://venturebeat.com/ai/snowflake-acquires-neeva-days-after-the-search-startup-pivots-to-enterprise/
"Nvidia’s beats estimates with quarterly revenue of $7.19B, down 13% from year ago",https://venturebeat.com/ai/nvidias-beats-estimates-with-quarterly-revenue-of-7-19b-down-13-from-year-ago/
Here’s what’s missing from the White House’s National AI Strategy,https://venturebeat.com/ai/heres-whats-missing-from-the-white-houses-national-ai-strategy/
"Infosys launches Topaz, an AI-first solution to accelerate business value through generative AI",https://venturebeat.com/ai/infosys-launches-topaz-ai-first-solution-accelerate-business-value-generative-ai/
Microsoft aims to win the AI app race with three big advantages,https://venturebeat.com/ai/microsoft-aims-to-win-the-ai-app-race-with-three-big-advantages/
Alteryx reimagines data analytics with generative AI,https://venturebeat.com/enterprise-analytics/alteryx-reimagines-data-analytics-with-generative-ai/
TruEra launches free tool for testing LLM apps for hallucinations,https://venturebeat.com/ai/truera-launches-free-tool-for-testing-llm-apps-for-hallucinations/
Exploring the potential of generative AI in games,https://venturebeat.com/games/exploring-the-potential-of-generative-ai-in-games/
Microsoft CTO tells devs to ‘do legendary sh*t’ with AI at 2023 Build conference,https://venturebeat.com/ai/microsoft-cto-tells-devs-to-do-legendary-things-with-ai-at-2023-build-conference/
Red Hat extends OpenShift for the generative AI era,https://venturebeat.com/ai/red-hat-extends-openshift-for-the-generative-ai-era/
Nvidia teams up with Microsoft to accelerate AI efforts for enterprises and individuals,https://venturebeat.com/ai/nvidia-teams-up-with-microsoft-to-accelerate-ai-efforts-for-enterprises-and-individuals/
Cohesity partners with Google Cloud to empower organizations with generative AI and data capabilities,https://venturebeat.com/ai/cohesity-partners-google-cloud-empower-organizations-generative-ai-data-capabilities/
